Names,ID,Exam,Lab1,Lab2,Lab3,Lab4,Lab5,A1,A2,A3,A4
CHAN Chan,99188780D,42.5,5,5,5,9,10,97,100,100,100
CHAN Kwok,99101419D,32.5,2,5,5,10,10,90,95,100,100
CHAN Ming,99906277D,28.5,3,5,5,9,10,97,80,95,100
CHAN Paul,99041944D,45,2,5,5,10,10,100,100,100,100
CHAN Sui,99183895D,32.5,4,5,4,9,10,73,100,81,100
CHAN Wai,99321409D,25,5,5,5,10,9,87,85,81,85
CHAN Yiu,99346942D,28.5,4,5,5,10,10,39,80,90,98
CHENG Kwok,99169605D,34.5,4,4,5,10,0,0,65,50,100
CHEUNG Hiu,99103675D,36.5,5,5,5,10,10,95,100,100,100
CHEUNG Ming,99231252D,56.5,5,5,5,10,10,97,100,100,100
CHEUNG Yun,99141158D,30.5,5,5,5,9,10,84,100,100,95
CHOI Kin,99357927D,18,5,5,5,10,0,89,100,0,100
FONG Ka,99144679D,27,5,5,5,10,0,75,65,90,100
HO Chi,99357513D,30.5,5,5,5,10,10,97,100,100,100
HO Lai,99227639D,29.5,4,5,5,10,10,95,80,100,100
HO Lai,99222691D,27,4,5,5,9,10,97,100,100,100
HUI Kai,99229156D,18,4,5,5,10,8,77,80,100,75
HUI Yu,99915434D,35,4,5,5,9,10,97,100,100,100
HUNG Wai,99258511D,29,4,5,4,8,10,34,45,90,95
HUNG Yiu,99302520D,30.5,5,0,5,10,10,90,80,100,100
IP Tak,99935666D,54,5,5,5,10,10,87,80,100,100
LAM Ho,99005988D,48,5,5,5,9,10,87,100,100,90
LAM Kai,99274826D,34.5,2,5,5,10,10,90,95,95,85
LAM Kam,99017943D,32,5,5,5,9,0,80,95,100,100
LAM Man,99934608D,23.5,5,5,5,10,10,100,80,100,95
LAM Wai,98046066J,30.5,5,5,5,10,10,77,100,85,100
LAM Yau,99195745D,42.5,5,5,5,10,0,80,100,95,100
LAU Kwok,99232218D,38.5,5,5,5,10,10,100,40,90,68
LAW Lai,99257919D,16,5,5,5,9,10,90,100,100,100
LAW Wai,99168388D,32,4,5,5,9,10,100,80,100,100
LEE Ching,99233559D,38.5,4,5,5,9,10,77,100,100,85
LEE Chun,99236331D,17.5,5,5,5,10,10,77,85,90,98
LEE Siu,99368574D,13.5,3,5,5,10,10,97,60,100,85
LEUNG Wai,99188778D,22,5,5,5,10,0,97,100,100,100
LEUNG Wing,99116969D,30,4,5,5,10,10,77,70,100,90
LI Chik,99155630D,57.5,4,5,4,0,10,95,100,59,75
LIU Chi,99051262D,47,5,5,5,10,10,90,80,100,100
LIU Ming,99181677D,21,4,5,4,9,0,85,100,98,78
LIU Yuen,99259723D,6,4,5,5,9,0,97,80,65,0
LO Swire,99155288D,24,4,5,5,10,8,95,100,100,100
LUK Yuen,99069075D,31.5,5,5,5,8,10,65,85,100,90
NG Ka,99264883D,29,5,5,5,8,0,97,80,100,85
NG Ka,99129899D,33,4,5,5,9,0,82,80,90,95
NG Ka,99922542D,30,5,5,5,9,0,97,80,90,90
NG Lam,99026176D,40,5,5,5,10,10,80,95,100,100
POON Wing,99084673D,10.5,4,4,5,8,10,100,90,86,90
SIN Sai,99264053D,31,5,5,5,9,10,67,80,72,100
TANG Suk,99236460D,48,5,5,5,10,10,87,90,100,100
TAO Wai,99264948D,39,4,5,5,0,0,97,80,100,100
TSANG Ching,99217634D,13.5,5,5,5,9,10,97,100,100,100
TSANG Wai,98300977D,19,4,5,5,9,9,85,100,77,100
WONG Siu,99019202D,22,5,5,5,10,10,90,90,100,100
WONG Ting,99160893D,33.5,5,5,5,10,0,97,80,90,100
WOO Hon,99072644D,42.5,3,5,5,10,0,97,80,100,100
YAU Hiu,99142217D,42.5,5,5,5,10,10,77,95,100,100
YUEN Kwok,99366576D,40,4,5,0,0,0,0,100,0,70
ZHANG David,99941071D,77.5,5,5,5,10,10,85,85,100,100
